,order,method,metric,value,dataName
0,3,between,vi,0.46023443674112796,YeastB
1,3,between,nmi,0.8569975256376399,YeastB
2,3,between,split-join,11.0,YeastB
3,3,between,rand,0.8798798798798797,YeastB
4,3,between,adjusted_rand,0.6570898980537531,YeastB
5,4,between,vi,0.9232760257024171,YeastB
6,4,between,nmi,0.7547046658531575,YeastB
7,4,between,split-join,17.0,YeastB
8,4,between,rand,0.8633633633633633,YeastB
9,4,between,adjusted_rand,0.4690484116832827,YeastB
10,5,between,vi,1.0036528867225973,YeastB
11,5,between,nmi,0.7495776560030836,YeastB
12,5,between,split-join,16.0,YeastB
13,5,between,rand,0.8708708708708708,YeastB
14,5,between,adjusted_rand,0.45468047833041336,YeastB
15,6,between,vi,1.0036528867225973,YeastB
16,6,between,nmi,0.7495776560030836,YeastB
17,6,between,split-join,16.0,YeastB
18,6,between,rand,0.8708708708708708,YeastB
19,6,between,adjusted_rand,0.45468047833041336,YeastB
20,7,between,vi,1.0036528867225973,YeastB
21,7,between,nmi,0.7495776560030836,YeastB
22,7,between,split-join,16.0,YeastB
23,7,between,rand,0.8708708708708708,YeastB
24,7,between,adjusted_rand,0.45468047833041336,YeastB
25,3,fastgreedy,vi,0.6232390434638293,YeastB
26,3,fastgreedy,nmi,0.7933977891545125,YeastB
27,3,fastgreedy,split-join,12.0,YeastB
28,3,fastgreedy,rand,0.8483483483483483,YeastB
29,3,fastgreedy,adjusted_rand,0.5934950505819644,YeastB
30,4,fastgreedy,vi,1.1495713330417856,YeastB
31,4,fastgreedy,nmi,0.6772845966631948,YeastB
32,4,fastgreedy,split-join,23.0,YeastB
33,4,fastgreedy,rand,0.8078078078078077,YeastB
34,4,fastgreedy,adjusted_rand,0.3468286927072951,YeastB
35,5,fastgreedy,vi,1.2840827430046278,YeastB
36,5,fastgreedy,nmi,0.6626239537416401,YeastB
37,5,fastgreedy,split-join,23.0,YeastB
38,5,fastgreedy,rand,0.8093093093093093,YeastB
39,5,fastgreedy,adjusted_rand,0.31114296418158427,YeastB
40,6,fastgreedy,vi,1.2840827430046278,YeastB
41,6,fastgreedy,nmi,0.6626239537416401,YeastB
42,6,fastgreedy,split-join,23.0,YeastB
43,6,fastgreedy,rand,0.8093093093093093,YeastB
44,6,fastgreedy,adjusted_rand,0.31114296418158427,YeastB
45,7,fastgreedy,vi,1.2840827430046278,YeastB
46,7,fastgreedy,nmi,0.6626239537416401,YeastB
47,7,fastgreedy,split-join,23.0,YeastB
48,7,fastgreedy,rand,0.8093093093093093,YeastB
49,7,fastgreedy,adjusted_rand,0.31114296418158427,YeastB
50,3,infomap,vi,0.14255677945758682,YeastB
51,3,infomap,nmi,0.9508541711128787,YeastB
52,3,infomap,split-join,3.0,YeastB
53,3,infomap,rand,0.987987987987988,YeastB
54,3,infomap,adjusted_rand,0.9699675324675326,YeastB
55,4,infomap,vi,0.6881261872235909,YeastB
56,4,infomap,nmi,0.8003266011787719,YeastB
57,4,infomap,split-join,15.0,YeastB
58,4,infomap,rand,0.8453453453453452,YeastB
59,4,infomap,adjusted_rand,0.5422466601716288,YeastB
60,5,infomap,vi,0.9320306299440677,YeastB
61,5,infomap,nmi,0.7474283399718366,YeastB
62,5,infomap,split-join,16.0,YeastB
63,5,infomap,rand,0.8138138138138136,YeastB
64,5,infomap,adjusted_rand,0.42557453675365786,YeastB
65,6,infomap,vi,0.9320306299440677,YeastB
66,6,infomap,nmi,0.7474283399718366,YeastB
67,6,infomap,split-join,16.0,YeastB
68,6,infomap,rand,0.8138138138138136,YeastB
69,6,infomap,adjusted_rand,0.42557453675365786,YeastB
70,7,infomap,vi,0.9320306299440677,YeastB
71,7,infomap,nmi,0.7474283399718366,YeastB
72,7,infomap,split-join,16.0,YeastB
73,7,infomap,rand,0.8138138138138136,YeastB
74,7,infomap,adjusted_rand,0.42557453675365786,YeastB
75,3,labelprop,vi,0.47174139999527975,YeastB
76,3,labelprop,nmi,0.8362668627823682,YeastB
77,3,labelprop,split-join,8.0,YeastB
78,3,labelprop,rand,0.9204204204204203,YeastB
79,3,labelprop,adjusted_rand,0.804076331301828,YeastB
80,4,labelprop,vi,0.7076552664286719,YeastB
81,4,labelprop,nmi,0.7934896109753564,YeastB
82,4,labelprop,split-join,14.0,YeastB
83,4,labelprop,rand,0.8318318318318318,YeastB
84,4,labelprop,adjusted_rand,0.516647010795609,YeastB
85,5,labelprop,vi,0.9515597091491488,YeastB
86,5,labelprop,nmi,0.7407642130781621,YeastB
87,5,labelprop,split-join,15.0,YeastB
88,5,labelprop,rand,0.8003003003003002,YeastB
89,5,labelprop,adjusted_rand,0.40395666509656086,YeastB
90,6,labelprop,vi,0.9515597091491488,YeastB
91,6,labelprop,nmi,0.7407642130781621,YeastB
92,6,labelprop,split-join,15.0,YeastB
93,6,labelprop,rand,0.8003003003003002,YeastB
94,6,labelprop,adjusted_rand,0.40395666509656086,YeastB
95,7,labelprop,vi,0.9515597091491488,YeastB
96,7,labelprop,nmi,0.7407642130781621,YeastB
97,7,labelprop,split-join,15.0,YeastB
98,7,labelprop,rand,0.8003003003003002,YeastB
99,7,labelprop,adjusted_rand,0.40395666509656086,YeastB
100,3,eigen,vi,0.633756560139247,YeastB
101,3,eigen,nmi,0.7909809680360131,YeastB
102,3,eigen,split-join,12.0,YeastB
103,3,eigen,rand,0.8438438438438436,YeastB
104,3,eigen,adjusted_rand,0.5775142731664464,YeastB
105,4,eigen,vi,1.1341330203754327,YeastB
106,4,eigen,nmi,0.6829924377156006,YeastB
107,4,eigen,split-join,21.0,YeastB
108,4,eigen,rand,0.8153153153153152,YeastB
109,4,eigen,adjusted_rand,0.36018557570645265,YeastB
110,5,eigen,vi,1.2502769669009348,YeastB
111,5,eigen,nmi,0.6728330417318035,YeastB
112,5,eigen,split-join,20.0,YeastB
113,5,eigen,rand,0.8198198198198199,YeastB
114,5,eigen,adjusted_rand,0.3345323741007197,YeastB
115,6,eigen,vi,1.2502769669009348,YeastB
116,6,eigen,nmi,0.6728330417318035,YeastB
117,6,eigen,split-join,20.0,YeastB
118,6,eigen,rand,0.8198198198198199,YeastB
119,6,eigen,adjusted_rand,0.3345323741007197,YeastB
120,7,eigen,vi,1.2502769669009348,YeastB
121,7,eigen,nmi,0.6728330417318035,YeastB
122,7,eigen,split-join,20.0,YeastB
123,7,eigen,rand,0.8198198198198199,YeastB
124,7,eigen,adjusted_rand,0.3345323741007197,YeastB
125,3,leiden,vi,2.0892948783575718,YeastB
126,3,leiden,nmi,0.592931668746469,YeastB
127,3,leiden,split-join,30.0,YeastB
128,3,leiden,rand,0.7297297297297296,YeastB
129,3,leiden,adjusted_rand,0.0,YeastB
130,4,leiden,vi,1.5437254705915686,YeastB
131,4,leiden,nmi,0.7281268988873012,YeastB
132,4,leiden,split-join,27.0,YeastB
133,4,leiden,rand,0.8723723723723724,YeastB
134,4,leiden,adjusted_rand,0.0,YeastB
135,5,leiden,vi,1.2998210278710918,YeastB
136,5,leiden,nmi,0.7805103377252698,YeastB
137,5,leiden,split-join,24.0,YeastB
138,5,leiden,rand,0.903903903903904,YeastB
139,5,leiden,adjusted_rand,0.0,YeastB
140,6,leiden,vi,1.2998210278710918,YeastB
141,6,leiden,nmi,0.7805103377252698,YeastB
142,6,leiden,split-join,24.0,YeastB
143,6,leiden,rand,0.903903903903904,YeastB
144,6,leiden,adjusted_rand,0.0,YeastB
145,7,leiden,vi,1.2998210278710918,YeastB
146,7,leiden,nmi,0.7805103377252698,YeastB
147,7,leiden,split-join,24.0,YeastB
148,7,leiden,rand,0.903903903903904,YeastB
149,7,leiden,adjusted_rand,0.0,YeastB
150,3,multilevel,vi,0.4538379923123985,YeastB
151,3,multilevel,nmi,0.8587041842277287,YeastB
152,3,multilevel,split-join,10.0,YeastB
153,3,multilevel,rand,0.8828828828828826,YeastB
154,3,multilevel,adjusted_rand,0.6669743826448182,YeastB
155,4,multilevel,vi,0.9542144525485838,YeastB
156,4,multilevel,nmi,0.7460534084878185,YeastB
157,4,multilevel,split-join,19.0,YeastB
158,4,multilevel,rand,0.8543543543543543,YeastB
159,4,multilevel,adjusted_rand,0.43891677812711655,YeastB
160,5,multilevel,vi,1.0703583990740855,YeastB
161,5,multilevel,nmi,0.7325069887784766,YeastB
162,5,multilevel,split-join,18.0,YeastB
163,5,multilevel,rand,0.8588588588588589,YeastB
164,5,multilevel,adjusted_rand,0.40999736117917596,YeastB
165,6,multilevel,vi,1.0703583990740855,YeastB
166,6,multilevel,nmi,0.7325069887784766,YeastB
167,6,multilevel,split-join,18.0,YeastB
168,6,multilevel,rand,0.8588588588588589,YeastB
169,6,multilevel,adjusted_rand,0.40999736117917596,YeastB
170,7,multilevel,vi,1.0703583990740855,YeastB
171,7,multilevel,nmi,0.7325069887784766,YeastB
172,7,multilevel,split-join,18.0,YeastB
173,7,multilevel,rand,0.8588588588588589,YeastB
174,7,multilevel,adjusted_rand,0.40999736117917596,YeastB
175,3,modularity,vi,0.46023443674112796,YeastB
176,3,modularity,nmi,0.8569975256376399,YeastB
177,3,modularity,split-join,11.0,YeastB
178,3,modularity,rand,0.8798798798798797,YeastB
179,3,modularity,adjusted_rand,0.6570898980537531,YeastB
180,4,modularity,vi,0.9232760257024171,YeastB
181,4,modularity,nmi,0.7547046658531575,YeastB
182,4,modularity,split-join,17.0,YeastB
183,4,modularity,rand,0.8633633633633633,YeastB
184,4,modularity,adjusted_rand,0.4690484116832827,YeastB
185,5,modularity,vi,1.0036528867225973,YeastB
186,5,modularity,nmi,0.7495776560030836,YeastB
187,5,modularity,split-join,16.0,YeastB
188,5,modularity,rand,0.8708708708708708,YeastB
189,5,modularity,adjusted_rand,0.45468047833041336,YeastB
190,6,modularity,vi,1.0036528867225973,YeastB
191,6,modularity,nmi,0.7495776560030836,YeastB
192,6,modularity,split-join,16.0,YeastB
193,6,modularity,rand,0.8708708708708708,YeastB
194,6,modularity,adjusted_rand,0.45468047833041336,YeastB
195,7,modularity,vi,1.0036528867225973,YeastB
196,7,modularity,nmi,0.7495776560030836,YeastB
197,7,modularity,split-join,16.0,YeastB
198,7,modularity,rand,0.8708708708708708,YeastB
199,7,modularity,adjusted_rand,0.45468047833041336,YeastB
200,3,spinglass,vi,0.6364073219272379,YeastB
201,3,spinglass,nmi,0.7899494607385154,YeastB
202,3,spinglass,split-join,9.0,YeastB
203,3,spinglass,rand,0.8648648648648648,YeastB
204,3,spinglass,adjusted_rand,0.6449893390191896,YeastB
205,4,spinglass,vi,1.0316167550312665,YeastB
206,4,spinglass,nmi,0.7114642265201758,YeastB
207,4,spinglass,split-join,19.0,YeastB
208,4,spinglass,rand,0.8123123123123123,YeastB
209,4,spinglass,adjusted_rand,0.38773258807089783,YeastB
210,5,spinglass,vi,1.1906701474115464,YeastB
211,5,spinglass,nmi,0.6882455050886922,YeastB
212,5,spinglass,split-join,19.0,YeastB
213,5,spinglass,rand,0.8078078078078076,YeastB
214,5,spinglass,adjusted_rand,0.33764296369965097,YeastB
215,6,spinglass,vi,1.1906701474115464,YeastB
216,6,spinglass,nmi,0.6882455050886922,YeastB
217,6,spinglass,split-join,19.0,YeastB
218,6,spinglass,rand,0.8078078078078076,YeastB
219,6,spinglass,adjusted_rand,0.33764296369965097,YeastB
220,7,spinglass,vi,1.1906701474115464,YeastB
221,7,spinglass,nmi,0.6882455050886922,YeastB
222,7,spinglass,split-join,19.0,YeastB
223,7,spinglass,rand,0.8078078078078076,YeastB
224,7,spinglass,adjusted_rand,0.33764296369965097,YeastB
225,3,walktrap,vi,0.5390435119917338,YeastB
226,3,walktrap,nmi,0.8161778111282995,YeastB
227,3,walktrap,split-join,8.0,YeastB
228,3,walktrap,rand,0.8843843843843842,YeastB
229,3,walktrap,adjusted_rand,0.7032600770753041,YeastB
230,4,walktrap,vi,0.9660529276666892,YeastB
231,4,walktrap,nmi,0.7222379527569452,YeastB
232,4,walktrap,split-join,18.0,YeastB
233,4,walktrap,rand,0.8138138138138138,YeastB
234,4,walktrap,adjusted_rand,0.42012947801541944,YeastB
235,5,walktrap,vi,1.125106320046969,YeastB
236,5,walktrap,nmi,0.6977058071443294,YeastB
237,5,walktrap,split-join,18.0,YeastB
238,5,walktrap,rand,0.8093093093093091,YeastB
239,5,walktrap,adjusted_rand,0.3766894132559059,YeastB
240,6,walktrap,vi,1.125106320046969,YeastB
241,6,walktrap,nmi,0.6977058071443294,YeastB
242,6,walktrap,split-join,18.0,YeastB
243,6,walktrap,rand,0.8093093093093091,YeastB
244,6,walktrap,adjusted_rand,0.3766894132559059,YeastB
245,7,walktrap,vi,1.125106320046969,YeastB
246,7,walktrap,nmi,0.6977058071443294,YeastB
247,7,walktrap,split-join,18.0,YeastB
248,7,walktrap,rand,0.8093093093093091,YeastB
249,7,walktrap,adjusted_rand,0.3766894132559059,YeastB
0,2,between,vi,0.11124942112798974,YeastA
1,2,between,nmi,0.9636433622687143,YeastA
2,2,between,split-join,2.0,YeastA
3,2,between,rand,0.9841966637401227,YeastA
4,2,between,adjusted_rand,0.9570300833430263,YeastA
5,3,between,vi,0.6893576204521783,YeastA
6,3,between,nmi,0.810514851458998,YeastA
7,3,between,split-join,24.0,YeastA
8,3,between,rand,0.8836698858647936,YeastA
9,3,between,adjusted_rand,0.63377405581568,YeastA
10,4,between,vi,1.0226479217665614,YeastA
11,4,between,nmi,0.7424934036663967,YeastA
12,4,between,split-join,32.0,YeastA
13,4,between,rand,0.84811237928007,YeastA
14,4,between,adjusted_rand,0.49356245237217033,YeastA
15,5,between,vi,1.258339975079494,YeastA
16,5,between,nmi,0.700896495915075,YeastA
17,5,between,split-join,36.0,YeastA
18,5,between,rand,0.8318700614574186,YeastA
19,5,between,adjusted_rand,0.4238456428225201,YeastA
20,2,fastgreedy,vi,0.10183500199755846,YeastA
21,2,fastgreedy,nmi,0.9668220992196073,YeastA
22,2,fastgreedy,split-join,2.0,YeastA
23,2,fastgreedy,rand,0.9899034240561895,YeastA
24,2,fastgreedy,adjusted_rand,0.9723192275546093,YeastA
25,3,fastgreedy,vi,0.679943201321747,YeastA
26,3,fastgreedy,nmi,0.8135850096291389,YeastA
27,3,fastgreedy,split-join,24.0,YeastA
28,3,fastgreedy,rand,0.8893766461808603,YeastA
29,3,fastgreedy,adjusted_rand,0.6471030850263353,YeastA
30,4,fastgreedy,vi,1.0132335026361305,YeastA
31,4,fastgreedy,nmi,0.7454673813500984,YeastA
32,4,fastgreedy,split-join,32.0,YeastA
33,4,fastgreedy,rand,0.8538191395961368,YeastA
34,4,fastgreedy,adjusted_rand,0.5050327096766609,YeastA
35,5,fastgreedy,vi,1.248925555949063,YeastA
36,5,fastgreedy,nmi,0.7037971104700479,YeastA
37,5,fastgreedy,split-join,36.0,YeastA
38,5,fastgreedy,rand,0.8375768217734854,YeastA
39,5,fastgreedy,adjusted_rand,0.4341626498744607,YeastA
40,2,infomap,vi,0.5316777794827567,YeastA
41,2,infomap,nmi,0.8485897858825349,YeastA
42,2,infomap,split-join,17.0,YeastA
43,2,infomap,rand,0.8968393327480245,YeastA
44,2,infomap,adjusted_rand,0.6719522313719384,YeastA
45,3,infomap,vi,0.4924345018010543,YeastA
46,3,infomap,nmi,0.879588989565317,YeastA
47,3,infomap,split-join,12.0,YeastA
48,3,infomap,rand,0.9587357330992098,YeastA
49,3,infomap,adjusted_rand,0.8309715512614062,YeastA
50,4,infomap,vi,0.666703199986153,YeastA
51,4,infomap,nmi,0.8492612048673326,YeastA
52,4,infomap,split-join,20.0,YeastA
53,4,infomap,rand,0.9407374890254608,YeastA
54,4,infomap,adjusted_rand,0.7296976600692956,YeastA
55,5,infomap,vi,0.8991205217894627,YeastA
56,5,infomap,nmi,0.8069975295007498,YeastA
57,5,infomap,split-join,25.0,YeastA
58,5,infomap,rand,0.9253731343283581,YeastA
59,5,infomap,adjusted_rand,0.6410097631698966,YeastA
60,2,labelprop,vi,0.5459510610816052,YeastA
61,2,labelprop,nmi,0.8438905260619519,YeastA
62,2,labelprop,split-join,17.0,YeastA
63,2,labelprop,rand,0.8928884986830553,YeastA
64,2,labelprop,adjusted_rand,0.6616429400184325,YeastA
65,3,labelprop,vi,0.5067077833999019,YeastA
66,3,labelprop,nmi,0.8756649143369085,YeastA
67,3,labelprop,split-join,12.0,YeastA
68,3,labelprop,rand,0.9547848990342406,YeastA
69,3,labelprop,adjusted_rand,0.8169544574414471,YeastA
70,4,labelprop,vi,0.6809764815850015,YeastA
71,4,labelprop,nmi,0.8455355992514099,YeastA
72,4,labelprop,split-join,20.0,YeastA
73,4,labelprop,rand,0.9367866549604916,YeastA
74,4,labelprop,adjusted_rand,0.715787339561142,YeastA
75,5,labelprop,vi,0.9133938033883102,YeastA
76,5,labelprop,nmi,0.803331104591873,YeastA
77,5,labelprop,split-join,25.0,YeastA
78,5,labelprop,rand,0.9214223002633889,YeastA
79,5,labelprop,adjusted_rand,0.6279088866704503,YeastA
80,2,eigen,vi,0.36177205125268896,YeastA
81,2,eigen,nmi,0.8908646207315128,YeastA
82,2,eigen,split-join,11.0,YeastA
83,2,eigen,rand,0.9161545215100966,YeastA
84,2,eigen,adjusted_rand,0.7447126346410882,YeastA
85,3,eigen,vi,0.6328843444435175,YeastA
86,3,eigen,nmi,0.8374302005602771,YeastA
87,3,eigen,split-join,18.0,YeastA
88,3,eigen,rand,0.9341527655838455,YeastA
89,3,eigen,adjusted_rand,0.7500000000000002,YeastA
90,4,eigen,vi,0.8633160574781575,YeastA
91,4,eigen,nmi,0.7957272569687952,YeastA
92,4,eigen,split-join,24.0,YeastA
93,4,eigen,rand,0.914398595258999,YeastA
94,4,eigen,adjusted_rand,0.6438930067676439,YeastA
95,5,eigen,vi,1.0957333792814676,YeastA
96,5,eigen,nmi,0.7544290590724326,YeastA
97,5,eigen,split-join,29.0,YeastA
98,5,eigen,rand,0.8990342405618963,YeastA
99,5,eigen,adjusted_rand,0.5607728600314533,YeastA
100,2,leiden,vi,2.633908991649555,YeastA
101,2,leiden,nmi,0.5462772253125743,YeastA
102,2,leiden,split-join,61.0,YeastA
103,2,leiden,rand,0.7651448639157156,YeastA
104,2,leiden,adjusted_rand,0.0,YeastA
105,3,leiden,vi,2.0558007923253667,YeastA
106,3,leiden,nmi,0.6779364449818784,YeastA
107,3,leiden,split-join,54.0,YeastA
108,3,leiden,rand,0.8656716417910448,YeastA
109,3,leiden,adjusted_rand,0.0,YeastA
110,4,leiden,vi,1.7225104910109845,YeastA
111,4,leiden,nmi,0.7435406492369647,YeastA
112,4,leiden,split-join,49.0,YeastA
113,4,leiden,rand,0.9012291483757683,YeastA
114,4,leiden,adjusted_rand,0.0,YeastA
115,5,leiden,vi,1.4868184376980516,YeastA
116,5,leiden,nmi,0.7861368940571855,YeastA
117,5,leiden,split-join,44.0,YeastA
118,5,leiden,rand,0.9174714661984197,YeastA
119,5,leiden,adjusted_rand,0.0,YeastA
120,2,multilevel,vi,0.3581523711750858,YeastA
121,2,multilevel,nmi,0.8920744144602738,YeastA
122,2,multilevel,split-join,11.0,YeastA
123,2,multilevel,rand,0.9170324846356454,YeastA
124,2,multilevel,adjusted_rand,0.7470271985334299,YeastA
125,3,multilevel,vi,0.6292646643659143,YeastA
126,3,multilevel,nmi,0.8385101442863578,YeastA
127,3,multilevel,split-join,18.0,YeastA
128,3,multilevel,rand,0.9350307287093943,YeastA
129,3,multilevel,adjusted_rand,0.752730537130318,YeastA
130,4,multilevel,vi,0.8596963774005557,YeastA
131,4,multilevel,nmi,0.7967577945794562,YeastA
132,4,multilevel,split-join,24.0,YeastA
133,4,multilevel,rand,0.9152765583845478,YeastA
134,4,multilevel,adjusted_rand,0.646509346733668,YeastA
135,5,multilevel,vi,1.092113699203864,YeastA
136,5,multilevel,nmi,0.7554386805231327,YeastA
137,5,multilevel,split-join,29.0,YeastA
138,5,multilevel,rand,0.8999122036874451,YeastA
139,5,multilevel,adjusted_rand,0.563199289525206,YeastA
140,2,modularity,vi,0.3581523711750858,YeastA
141,2,modularity,nmi,0.8920744144602738,YeastA
142,2,modularity,split-join,11.0,YeastA
143,2,modularity,rand,0.9170324846356454,YeastA
144,2,modularity,adjusted_rand,0.7470271985334299,YeastA
145,3,modularity,vi,0.6292646643659143,YeastA
146,3,modularity,nmi,0.8385101442863578,YeastA
147,3,modularity,split-join,18.0,YeastA
148,3,modularity,rand,0.9350307287093943,YeastA
149,3,modularity,adjusted_rand,0.752730537130318,YeastA
150,4,modularity,vi,0.8596963774005557,YeastA
151,4,modularity,nmi,0.7967577945794562,YeastA
152,4,modularity,split-join,24.0,YeastA
153,4,modularity,rand,0.9152765583845478,YeastA
154,4,modularity,adjusted_rand,0.646509346733668,YeastA
155,5,modularity,vi,1.092113699203864,YeastA
156,5,modularity,nmi,0.7554386805231327,YeastA
157,5,modularity,split-join,29.0,YeastA
158,5,modularity,rand,0.8999122036874451,YeastA
159,5,modularity,adjusted_rand,0.563199289525206,YeastA
160,2,spinglass,vi,0.587765219320421,YeastA
161,2,spinglass,nmi,0.8346788075011401,YeastA
162,2,spinglass,split-join,10.0,YeastA
163,2,spinglass,rand,0.910886742756804,YeastA
164,2,spinglass,adjusted_rand,0.7239783353249516,YeastA
165,3,spinglass,vi,0.9881124537972976,YeastA
166,3,spinglass,nmi,0.7609444397871941,YeastA
167,3,spinglass,split-join,27.0,YeastA
168,3,spinglass,rand,0.8946444249341529,YeastA
169,3,spinglass,adjusted_rand,0.5879458794587948,YeastA
170,4,spinglass,vi,1.3214027551116807,YeastA
171,4,spinglass,nmi,0.7041651833981176,YeastA
172,4,spinglass,split-join,37.0,YeastA
173,4,spinglass,rand,0.8590869183494293,YeastA
174,4,spinglass,adjusted_rand,0.3924243104058546,YeastA
175,5,spinglass,vi,1.5570948084246128,YeastA
176,5,spinglass,nmi,0.6688711354617197,YeastA
177,5,spinglass,split-join,42.0,YeastA
178,5,spinglass,rand,0.8428446005267777,YeastA
179,5,spinglass,adjusted_rand,0.28913024528860976,YeastA
180,2,walktrap,vi,0.4549787729586945,YeastA
181,2,walktrap,nmi,0.8675387415714977,YeastA
182,2,walktrap,split-join,17.0,YeastA
183,2,walktrap,rand,0.904741000877963,YeastA
184,2,walktrap,adjusted_rand,0.7010625238115393,YeastA
185,3,walktrap,vi,0.41573549527699205,YeastA
186,3,walktrap,nmi,0.8964006113042958,YeastA
187,3,walktrap,split-join,10.0,YeastA
188,3,walktrap,rand,0.9666374012291483,YeastA
189,3,walktrap,adjusted_rand,0.8664988726338417,YeastA
190,4,walktrap,vi,0.7434022065102153,YeastA
191,4,walktrap,nmi,0.8289537124280572,YeastA
192,4,walktrap,split-join,22.0,YeastA
193,4,walktrap,rand,0.9328358208955223,YeastA
194,4,walktrap,adjusted_rand,0.7022680095333278,YeastA
195,5,walktrap,vi,0.9758195283135245,YeastA
196,5,walktrap,nmi,0.7870271753050552,YeastA
197,5,walktrap,split-join,27.0,YeastA
198,5,walktrap,rand,0.9174714661984196,YeastA
199,5,walktrap,adjusted_rand,0.6152110003378302,YeastA
0,4,between,vi,2.0532010953995528,Jazz
1,4,between,nmi,0.10735523591258311,Jazz
2,4,between,split-join,136.0,Jazz
3,4,between,rand,0.24908988360765014,Jazz
4,4,between,adjusted_rand,0.025397770375034302,Jazz
5,7,between,vi,2.021584453837387,Jazz
6,7,between,nmi,0.1330179772405979,Jazz
7,7,between,split-join,135.0,Jazz
8,7,between,rand,0.2589345228939137,Jazz
9,7,between,adjusted_rand,0.03073466382449738,Jazz
10,9,between,vi,1.9654317096064693,Jazz
11,9,between,nmi,0.1769210250964701,Jazz
12,9,between,split-join,134.0,Jazz
13,9,between,rand,0.2784187048146439,Jazz
14,9,between,adjusted_rand,0.04154447611521926,Jazz
15,4,fastgreedy,vi,1.2369693164744773,Jazz
16,4,fastgreedy,nmi,0.0446348013946945,Jazz
17,4,fastgreedy,split-join,131.0,Jazz
18,4,fastgreedy,rand,0.3389734912577555,Jazz
19,4,fastgreedy,adjusted_rand,0.0009562792557304809,Jazz
20,7,fastgreedy,vi,1.2565548423743833,Jazz
21,7,fastgreedy,nmi,0.05264150716838353,Jazz
22,7,fastgreedy,split-join,131.0,Jazz
23,7,fastgreedy,rand,0.34287032764190145,Jazz
24,7,fastgreedy,adjusted_rand,0.0015113005189138712,Jazz
25,9,fastgreedy,vi,1.2912398617278937,Jazz
26,9,fastgreedy,nmi,0.06603127708023826,Jazz
27,9,fastgreedy,split-join,133.0,Jazz
28,9,fastgreedy,rand,0.3490232271958162,Jazz
29,9,fastgreedy,adjusted_rand,0.00023233557005425845,Jazz
30,4,infomap,vi,0.8359988542601369,Jazz
31,4,infomap,nmi,0.2199030700472538,Jazz
32,4,infomap,split-join,59.0,Jazz
33,4,infomap,rand,0.5719120135363792,Jazz
34,4,infomap,adjusted_rand,0.10726517963594963,Jazz
35,7,infomap,vi,0.8183851860426163,Jazz
36,7,infomap,nmi,0.25822320017969014,Jazz
37,7,infomap,split-join,58.0,Jazz
38,7,infomap,rand,0.5816541044967444,Jazz
39,7,infomap,adjusted_rand,0.12839516424529465,Jazz
40,9,infomap,vi,0.8675277640900927,Jazz
41,9,infomap,nmi,0.25176332108228583,Jazz
42,9,infomap,split-join,60.0,Jazz
43,9,infomap,rand,0.573655335076655,Jazz
44,9,infomap,adjusted_rand,0.11336702686482322,Jazz
45,4,labelprop,vi,0.6399511133566391,Jazz
46,4,labelprop,nmi,0.2039058721194603,Jazz
47,4,labelprop,split-join,58.0,Jazz
48,4,labelprop,rand,0.5925755012049431,Jazz
49,4,labelprop,adjusted_rand,0.06590853914346513,Jazz
50,7,labelprop,vi,0.6590048707175283,Jazz
51,7,labelprop,nmi,0.21122629075478946,Jazz
52,7,labelprop,split-join,58.0,Jazz
53,7,labelprop,rand,0.5967799825667847,Jazz
54,7,labelprop,adjusted_rand,0.07849675727594571,Jazz
55,9,labelprop,vi,0.7082965445486834,Jazz
56,9,labelprop,nmi,0.2056187533418746,Jazz
57,9,labelprop,split-join,60.0,Jazz
58,9,labelprop,rand,0.5885761164948983,Jazz
59,9,labelprop,adjusted_rand,0.06564646730019097,Jazz
60,4,eigen,vi,1.1380150964441382,Jazz
61,4,eigen,nmi,0.053513543386648675,Jazz
62,4,eigen,split-join,110.0,Jazz
63,4,eigen,rand,0.3732759062708301,Jazz
64,4,eigen,adjusted_rand,0.011626794804510265,Jazz
65,7,eigen,vi,1.1576006223440443,Jazz
66,7,eigen,nmi,0.061892322758799925,Jazz
67,7,eigen,split-join,110.0,Jazz
68,7,eigen,rand,0.3771727426549761,Jazz
69,7,eigen,adjusted_rand,0.013209088305614358,Jazz
70,9,eigen,vi,1.1978668461450515,Jazz
71,9,eigen,nmi,0.07151238162966556,Jazz
72,9,eigen,split-join,112.0,Jazz
73,9,eigen,rand,0.3790186125211507,Jazz
74,9,eigen,adjusted_rand,0.007003284331360511,Jazz
75,4,leiden,vi,5.15344109942308,Jazz
76,4,leiden,nmi,0.04972289142636834,Jazz
77,4,leiden,split-join,195.0,Jazz
78,4,leiden,rand,0.04978721222376059,Jazz
79,4,leiden,adjusted_rand,0.0,Jazz
80,7,leiden,vi,5.1218244578609164,Jazz
81,7,leiden,nmi,0.0610271068237902,Jazz
82,7,leiden,split-join,194.0,Jazz
83,7,leiden,rand,0.05963185151002415,Jazz
84,7,leiden,adjusted_rand,0.0,Jazz
85,9,leiden,vi,5.065671713629999,Jazz
86,9,leiden,nmi,0.08078420509090274,Jazz
87,9,leiden,split-join,193.0,Jazz
88,9,leiden,rand,0.07911603343075435,Jazz
89,9,leiden,adjusted_rand,0.0,Jazz
90,4,multilevel,vi,1.3806178526897852,Jazz
91,4,multilevel,nmi,0.04259120384304258,Jazz
92,4,multilevel,split-join,136.0,Jazz
93,4,multilevel,rand,0.2999025790903967,Jazz
94,4,multilevel,adjusted_rand,-0.00188708186867151,Jazz
95,7,multilevel,vi,1.4003745903487161,Jazz
96,7,multilevel,nmi,0.04972539104021743,Jazz
97,7,multilevel,split-join,136.0,Jazz
98,7,multilevel,rand,0.3036968671486439,Jazz
99,7,multilevel,adjusted_rand,-0.0026942700239150626,Jazz
100,9,multilevel,vi,1.4334679448890078,Jazz
101,9,multilevel,nmi,0.06297359507403731,Jazz
102,9,multilevel,split-join,138.0,Jazz
103,9,multilevel,rand,0.31087524996154464,Jazz
104,9,multilevel,adjusted_rand,-0.004804833459551909,Jazz
105,4,spinglass,vi,1.720469023511882,Jazz
106,4,spinglass,nmi,0.12047324379424519,Jazz
107,4,spinglass,split-join,97.0,Jazz
108,4,spinglass,rand,0.3438445367379381,Jazz
109,4,spinglass,adjusted_rand,0.04194381631026248,Jazz
110,7,spinglass,vi,1.7028553552943615,Jazz
111,7,spinglass,nmi,0.143323913176645,Jazz
112,7,spinglass,split-join,96.0,Jazz
113,7,spinglass,rand,0.3535866276983029,Jazz
114,7,spinglass,adjusted_rand,0.050563928741362105,Jazz
115,9,spinglass,vi,1.682313336816413,Jazz
116,9,spinglass,nmi,0.17691006657828914,Jazz
117,9,spinglass,split-join,96.0,Jazz
118,9,spinglass,rand,0.3718402297082501,Jazz
119,9,spinglass,adjusted_rand,0.06640266758067259,Jazz
120,4,walktrap,vi,1.2508257338531679,Jazz
121,4,walktrap,nmi,0.17734681733034224,Jazz
122,4,walktrap,split-join,124.0,Jazz
123,4,walktrap,rand,0.34220376352356063,Jazz
124,4,walktrap,adjusted_rand,0.042388469686641436,Jazz
125,7,walktrap,vi,1.219209092291002,Jazz
126,7,walktrap,nmi,0.2144748286065213,Jazz
127,7,walktrap,split-join,123.0,Jazz
128,7,walktrap,rand,0.3520484028098242,Jazz
129,7,walktrap,adjusted_rand,0.051074016715452475,Jazz
130,9,walktrap,vi,1.214926609573931,Jazz
131,9,walktrap,nmi,0.2445646576496978,Jazz
132,9,walktrap,split-join,123.0,Jazz
133,9,walktrap,rand,0.3651745885248425,Jazz
134,9,walktrap,adjusted_rand,0.05915145269023624,Jazz
0,5,between,vi,3.5804949592624102,Copperfield
1,5,between,nmi,0.10609251226536295,Copperfield
2,5,between,split-join,85.0,Copperfield
3,5,between,rand,0.13481338481338462,Copperfield
4,5,between,adjusted_rand,0.008889844728788943,Copperfield
5,6,between,vi,3.5164952678559436,Copperfield
6,6,between,nmi,0.1411026476950482,Copperfield
7,6,between,split-join,85.0,Copperfield
8,6,between,rand,0.1682754182754182,Copperfield
9,6,between,adjusted_rand,0.012688220524675461,Copperfield
10,7,between,vi,3.428080476625875,Copperfield
11,7,between,nmi,0.1803972357619741,Copperfield
12,7,between,split-join,84.0,Copperfield
13,7,between,rand,0.20141570141570136,Copperfield
14,7,between,adjusted_rand,0.017080115862401067,Copperfield
15,5,fastgreedy,vi,1.9022269125186775,Copperfield
16,5,fastgreedy,nmi,0.08517967308728366,Copperfield
17,5,fastgreedy,split-join,88.0,Copperfield
18,5,fastgreedy,rand,0.2247425997425997,Copperfield
19,5,fastgreedy,adjusted_rand,0.005922471062643932,Copperfield
20,6,fastgreedy,vi,1.8882556632367982,Copperfield
21,6,fastgreedy,nmi,0.12907344628339726,Copperfield
22,6,fastgreedy,split-join,88.0,Copperfield
23,6,fastgreedy,rand,0.2553088803088803,Copperfield
24,6,fastgreedy,adjusted_rand,0.016211155303294547,Copperfield
25,7,fastgreedy,vi,1.9227705790307996,Copperfield
26,7,fastgreedy,nmi,0.14790242895733502,Copperfield
27,7,fastgreedy,split-join,88.0,Copperfield
28,7,fastgreedy,rand,0.2742921492921493,Copperfield
29,7,fastgreedy,adjusted_rand,0.011950029302829429,Copperfield
30,5,infomap,vi,0.10613823231533251,Copperfield
31,5,infomap,nmi,0.6992468984235932,Copperfield
32,5,infomap,split-join,3.0,Copperfield
33,5,infomap,rand,0.9652509652509654,Copperfield
34,5,infomap,adjusted_rand,0.7342747523253464,Copperfield
35,6,infomap,vi,0.1948931801703693,Copperfield
36,6,infomap,nmi,0.5587288952794897,Copperfield
37,6,infomap,split-join,5.0,Copperfield
38,6,infomap,rand,0.9314671814671814,Copperfield
39,6,infomap,adjusted_rand,0.574329935387918,Copperfield
40,7,infomap,vi,0.28330797140043695,Copperfield
41,7,infomap,nmi,0.4655352419628803,Copperfield
42,7,infomap,split-join,7.0,Copperfield
43,7,infomap,rand,0.8983268983268983,Copperfield
44,7,infomap,adjusted_rand,0.46671227800108284,Copperfield
45,5,labelprop,vi,0.22952321049452537,Copperfield
46,5,labelprop,nmi,0.0,Copperfield
47,5,labelprop,split-join,5.0,Copperfield
48,5,labelprop,rand,0.9126447876447878,Copperfield
49,5,labelprop,adjusted_rand,1.2709293408968657e-15,Copperfield
50,6,labelprop,vi,0.31827815834956213,Copperfield
51,6,labelprop,nmi,0.0,Copperfield
52,6,labelprop,split-join,7.0,Copperfield
53,6,labelprop,rand,0.8788610038610039,Copperfield
54,6,labelprop,adjusted_rand,0.0,Copperfield
55,7,labelprop,vi,0.40669294957962987,Copperfield
56,7,labelprop,nmi,0.0,Copperfield
57,7,labelprop,split-join,9.0,Copperfield
58,7,labelprop,rand,0.8457207207207207,Copperfield
59,7,labelprop,adjusted_rand,0.0,Copperfield
60,5,eigen,vi,2.0610435308656774,Copperfield
61,5,eigen,nmi,0.08223497844487072,Copperfield
62,5,eigen,split-join,89.0,Copperfield
63,5,eigen,rand,0.21058558558558543,Copperfield
64,5,eigen,adjusted_rand,0.003379019496213094,Copperfield
65,6,eigen,vi,2.0952182900347096,Copperfield
66,6,eigen,nmi,0.1024885355117358,Copperfield
67,6,eigen,split-join,89.0,Copperfield
68,6,eigen,rand,0.2302123552123551,Copperfield
69,6,eigen,adjusted_rand,-0.002096671685310198,Copperfield
70,7,eigen,vi,2.129733205828711,Copperfield
71,7,eigen,nmi,0.12099468825364472,Copperfield
72,7,eigen,split-join,91.0,Copperfield
73,7,eigen,rand,0.2491956241956243,Copperfield
74,7,eigen,adjusted_rand,-0.008171836259677084,Copperfield
75,5,leiden,vi,4.488975660800568,Copperfield
76,5,leiden,nmi,0.09277372117608276,Copperfield
77,5,leiden,split-join,108.0,Copperfield
78,5,leiden,rand,0.08735521235521226,Copperfield
79,5,leiden,adjusted_rand,0.0,Copperfield
80,6,leiden,vi,4.400220712945531,Copperfield
81,6,leiden,nmi,0.12638167481954887,Copperfield
82,6,leiden,split-join,107.0,Copperfield
83,6,leiden,rand,0.12113899613899615,Copperfield
84,6,leiden,adjusted_rand,0.0,Copperfield
85,7,leiden,vi,4.311805921715463,Copperfield
86,7,leiden,nmi,0.15870350371011846,Copperfield
87,7,leiden,split-join,106.0,Copperfield
88,7,leiden,rand,0.1542792792792793,Copperfield
89,7,leiden,adjusted_rand,0.0,Copperfield
90,5,multilevel,vi,1.952904627200114,Copperfield
91,5,multilevel,nmi,0.07848644730097827,Copperfield
92,5,multilevel,split-join,87.0,Copperfield
93,5,multilevel,rand,0.21219433719433714,Copperfield
94,5,multilevel,adjusted_rand,0.00038343029430348906,Copperfield
95,6,multilevel,vi,1.9492810327650574,Copperfield
96,6,multilevel,nmi,0.1171697963867539,Copperfield
97,6,multilevel,split-join,87.0,Copperfield
98,6,multilevel,rand,0.24147361647361656,Copperfield
99,6,multilevel,adjusted_rand,0.007839802995447516,Copperfield
100,7,multilevel,vi,1.9633953211070923,Copperfield
101,7,multilevel,nmi,0.14501372691412448,Copperfield
102,7,multilevel,split-join,87.0,Copperfield
103,7,multilevel,rand,0.266891891891892,Copperfield
104,7,multilevel,adjusted_rand,0.011159538292063863,Copperfield
105,5,spinglass,vi,2.0409657771894594,Copperfield
106,5,spinglass,nmi,0.14878726607661943,Copperfield
107,5,spinglass,split-join,57.0,Copperfield
108,5,spinglass,rand,0.3223938223938222,Copperfield
109,5,spinglass,adjusted_rand,0.05364182353702771,Copperfield
110,6,spinglass,vi,2.0204087759374385,Copperfield
111,6,spinglass,nmi,0.18743898289791996,Copperfield
112,6,spinglass,split-join,57.0,Copperfield
113,6,spinglass,rand,0.35360360360360343,Copperfield
114,6,spinglass,adjusted_rand,0.07436709529265954,Copperfield
115,7,spinglass,vi,2.000191931310386,Copperfield
116,7,spinglass,nmi,0.2231917472719361,Copperfield
117,7,spinglass,split-join,57.0,Copperfield
118,7,spinglass,rand,0.3841698841698842,Copperfield
119,7,spinglass,adjusted_rand,0.09567153212045496,Copperfield
120,5,walktrap,vi,2.2113832261135262,Copperfield
121,5,walktrap,nmi,0.16415140354181115,Copperfield
122,5,walktrap,split-join,72.0,Copperfield
123,5,walktrap,rand,0.24066924066924059,Copperfield
124,5,walktrap,adjusted_rand,0.033746892477191454,Copperfield
125,6,walktrap,vi,2.147383534707059,Copperfield
126,6,walktrap,nmi,0.21468677048428456,Copperfield
127,6,walktrap,split-join,72.0,Copperfield
128,6,walktrap,rand,0.27413127413127414,Copperfield
129,6,walktrap,adjusted_rand,0.047975832144770955,Copperfield
130,7,walktrap,vi,2.093067716778499,Copperfield
131,7,walktrap,nmi,0.2585252247094703,Copperfield
132,7,walktrap,split-join,72.0,Copperfield
133,7,walktrap,rand,0.3066280566280565,Copperfield
134,7,walktrap,adjusted_rand,0.06236541016001079,Copperfield
0,3,between,vi,2.3026056221006876,Bsubtilis
1,3,between,nmi,0.12856257958000994,Bsubtilis
2,3,between,split-join,184.0,Bsubtilis
3,3,between,rand,0.23526698502279136,Bsubtilis
4,3,between,adjusted_rand,0.026502704178210417,Bsubtilis
5,4,between,vi,2.1958290745921385,Bsubtilis
6,4,between,nmi,0.25935507605214336,Bsubtilis
7,4,between,split-join,180.0,Bsubtilis
8,4,between,rand,0.33609181680052075,Bsubtilis
9,4,between,adjusted_rand,0.0630417019676873,Bsubtilis
10,3,fastgreedy,vi,1.9492235497577086,Bsubtilis
11,3,fastgreedy,nmi,0.11840936164065426,Bsubtilis
12,3,fastgreedy,split-join,184.0,Bsubtilis
13,3,fastgreedy,rand,0.26622530931191657,Bsubtilis
14,3,fastgreedy,adjusted_rand,0.02562809140378658,Bsubtilis
15,4,fastgreedy,vi,1.898122978499933,Bsubtilis
16,4,fastgreedy,nmi,0.25078297087839,Bsubtilis
17,4,fastgreedy,split-join,182.0,Bsubtilis
18,4,fastgreedy,rand,0.36270892120685894,Bsubtilis
19,4,fastgreedy,adjusted_rand,0.06945135945372016,Bsubtilis
20,3,infomap,vi,2.616480575106002,Bsubtilis
21,3,infomap,nmi,0.14183935028954106,Bsubtilis
22,3,infomap,split-join,188.0,Bsubtilis
23,3,infomap,rand,0.2090840026047318,Bsubtilis
24,3,infomap,adjusted_rand,0.024191103644053993,Bsubtilis
25,4,infomap,vi,2.3565442575595523,Bsubtilis
26,4,infomap,nmi,0.30101608776855227,Bsubtilis
27,4,infomap,split-join,176.0,Bsubtilis
28,4,infomap,rand,0.316312133709572,Bsubtilis
29,4,infomap,adjusted_rand,0.05934109905959501,Bsubtilis
30,3,labelprop,vi,1.5013687760520473,Bsubtilis
31,3,labelprop,nmi,0.21042075962103804,Bsubtilis
32,3,labelprop,split-join,104.0,Bsubtilis
33,3,labelprop,rand,0.46689819839374835,Bsubtilis
34,3,labelprop,adjusted_rand,0.09805008309971647,Bsubtilis
35,4,labelprop,vi,1.413470864713107,Bsubtilis
36,4,labelprop,nmi,0.3644250650105324,Bsubtilis
37,4,labelprop,split-join,100.0,Bsubtilis
38,4,labelprop,rand,0.5375515519861074,Bsubtilis
39,4,labelprop,adjusted_rand,0.1836885877128223,Bsubtilis
40,3,eigen,vi,2.153203654630774,Bsubtilis
41,3,eigen,nmi,0.11777556229897296,Bsubtilis
42,3,eigen,split-join,192.0,Bsubtilis
43,3,eigen,rand,0.23429021054916438,Bsubtilis
44,3,eigen,adjusted_rand,0.02180127454227772,Bsubtilis
45,4,eigen,vi,2.192860042213275,Bsubtilis
46,4,eigen,nmi,0.20637635914477398,Bsubtilis
47,4,eigen,split-join,195.0,Bsubtilis
48,4,eigen,rand,0.32399066637725177,Bsubtilis
49,4,eigen,adjusted_rand,0.04322470920339137,Bsubtilis
50,3,leiden,vi,5.311766265023047,Bsubtilis
51,3,leiden,nmi,0.09967589207468174,Bsubtilis
52,3,leiden,split-join,265.0,Bsubtilis
53,3,leiden,rand,0.10020078141957878,Bsubtilis
54,3,leiden,adjusted_rand,0.0,Bsubtilis
55,4,leiden,vi,4.989321004558267,Bsubtilis
56,4,leiden,nmi,0.19815268738263012,Bsubtilis
57,4,leiden,split-join,258.0,Bsubtilis
58,4,leiden,rand,0.20797156500976743,Bsubtilis
59,4,leiden,adjusted_rand,0.0,Bsubtilis
60,3,multilevel,vi,2.0336155726508247,Bsubtilis
61,3,multilevel,nmi,0.12130516272208393,Bsubtilis
62,3,multilevel,split-join,195.0,Bsubtilis
63,3,multilevel,rand,0.24058497937920542,Bsubtilis
64,3,multilevel,adjusted_rand,0.022200553053417036,Bsubtilis
65,4,multilevel,vi,2.031170909294086,Bsubtilis
66,4,multilevel,nmi,0.22968469634649594,Bsubtilis
67,4,multilevel,split-join,195.0,Bsubtilis
68,4,multilevel,rand,0.33359561536791826,Bsubtilis
69,4,multilevel,adjusted_rand,0.05081537458527063,Bsubtilis
70,3,spinglass,vi,2.5390363871755426,Bsubtilis
71,3,spinglass,nmi,0.14398771818465494,Bsubtilis
72,3,spinglass,split-join,200.0,Bsubtilis
73,3,spinglass,rand,0.20563815932276946,Bsubtilis
74,3,spinglass,adjusted_rand,0.022477752285431956,Bsubtilis
75,4,spinglass,vi,2.38474923646461,Bsubtilis
76,4,spinglass,nmi,0.2748362890922645,Bsubtilis
77,4,spinglass,split-join,195.0,Bsubtilis
78,4,spinglass,rand,0.31026155849793763,Bsubtilis
79,4,spinglass,adjusted_rand,0.05301913791320556,Bsubtilis
80,3,walktrap,vi,2.121063765884601,Bsubtilis
81,3,walktrap,nmi,0.1863419813469282,Bsubtilis
82,3,walktrap,split-join,172.0,Bsubtilis
83,3,walktrap,rand,0.26994247883655287,Bsubtilis
84,3,walktrap,adjusted_rand,0.043107056532376224,Bsubtilis
85,4,walktrap,vi,1.880165232544519,Bsubtilis
86,4,walktrap,nmi,0.3581454420700591,Bsubtilis
87,4,walktrap,split-join,162.0,Bsubtilis
88,4,walktrap,rand,0.37662795745604505,Bsubtilis
89,4,walktrap,adjusted_rand,0.09925871983012538,Bsubtilis
0,3,between,vi,1.696088213006714,Iceland
1,3,between,nmi,0.05936916870217871,Iceland
2,3,between,split-join,47.0,Iceland
3,3,between,rand,0.23563998190863844,Iceland
4,3,between,adjusted_rand,0.006281564061581456,Iceland
5,4,between,vi,1.4074719046467432,Iceland
6,4,between,nmi,0.35361498974967354,Iceland
7,4,between,split-join,41.0,Iceland
8,4,between,rand,0.41655359565807326,Iceland
9,4,between,adjusted_rand,0.10992060346608522,Iceland
10,5,between,vi,1.4560939837539935,Iceland
11,5,between,nmi,0.44525349516228974,Iceland
12,5,between,split-join,43.0,Iceland
13,5,between,rand,0.5160560832202622,Iceland
14,5,between,adjusted_rand,0.1426045899395921,Iceland
15,6,between,vi,1.7652995522460488,Iceland
16,6,between,nmi,0.41249553423603874,Iceland
17,6,between,split-join,50.0,Iceland
18,6,between,rand,0.6200814111261873,Iceland
19,6,between,adjusted_rand,0.152978648881365,Iceland
20,3,fastgreedy,vi,1.7756686522097487,Iceland
21,3,fastgreedy,nmi,0.05971021908697663,Iceland
22,3,fastgreedy,split-join,50.0,Iceland
23,3,fastgreedy,rand,0.20985979194934404,Iceland
24,3,fastgreedy,adjusted_rand,0.004280240800923564,Iceland
25,4,fastgreedy,vi,1.6293614719548193,Iceland
26,4,fastgreedy,nmi,0.27991639524012457,Iceland
27,4,fastgreedy,split-join,46.0,Iceland
28,4,fastgreedy,rand,0.37810945273631846,Iceland
29,4,fastgreedy,adjusted_rand,0.07119827909894048,Iceland
30,5,fastgreedy,vi,1.7318681213960818,Iceland
31,5,fastgreedy,nmi,0.36095304199788475,Iceland
32,5,fastgreedy,split-join,49.0,Iceland
33,5,fastgreedy,rand,0.4712799638172772,Iceland
34,5,fastgreedy,adjusted_rand,0.07284756571544176,Iceland
35,6,fastgreedy,vi,1.958882928785821,Iceland
36,6,fastgreedy,nmi,0.36606352473301007,Iceland
37,6,fastgreedy,split-join,55.0,Iceland
38,6,fastgreedy,rand,0.5997286295793759,Iceland
39,6,fastgreedy,adjusted_rand,0.09824514186935102,Iceland
40,3,infomap,vi,1.6642969818444993,Iceland
41,3,infomap,nmi,0.1388937591280009,Iceland
42,3,infomap,split-join,46.0,Iceland
43,3,infomap,rand,0.22976028946178195,Iceland
44,3,infomap,adjusted_rand,0.02543733029162083,Iceland
45,4,infomap,vi,1.4656556373666625,Iceland
46,4,infomap,nmi,0.3647071559990332,Iceland
47,4,infomap,split-join,41.0,Iceland
48,4,infomap,rand,0.4043419267299866,Iceland
49,4,infomap,adjusted_rand,0.10791957362292777,Iceland
50,5,infomap,vi,1.4710082447493693,Iceland
51,5,infomap,nmi,0.4659415230143688,Iceland
52,5,infomap,split-join,43.0,Iceland
53,5,infomap,rand,0.5083672546359114,Iceland
54,5,infomap,adjusted_rand,0.13672614576923958,Iceland
55,6,infomap,vi,1.6830882458032228,Iceland
56,6,infomap,nmi,0.4630177565117896,Iceland
57,6,infomap,split-join,49.0,Iceland
58,6,infomap,rand,0.6295793758480325,Iceland
59,6,infomap,adjusted_rand,0.16664066458557952,Iceland
60,3,labelprop,vi,1.865344014474926,Iceland
61,3,labelprop,nmi,0.0494568541129246,Iceland
62,3,labelprop,split-join,47.0,Iceland
63,3,labelprop,rand,0.20624151967435553,Iceland
64,3,labelprop,adjusted_rand,-0.0022958002199194405,Iceland
65,4,labelprop,vi,1.5937789768210768,Iceland
66,4,labelprop,nmi,0.3179389956309733,Iceland
67,4,labelprop,split-join,41.0,Iceland
68,4,labelprop,rand,0.38263229308005453,Iceland
69,4,labelprop,adjusted_rand,0.07668155247668723,Iceland
70,5,labelprop,vi,1.7615424340429409,Iceland
71,5,labelprop,nmi,0.3672735565189632,Iceland
72,5,labelprop,split-join,45.0,Iceland
73,5,labelprop,rand,0.46132971506105835,Iceland
74,5,labelprop,adjusted_rand,0.05476563703057327,Iceland
75,6,labelprop,vi,1.9683346500653074,Iceland
76,6,labelprop,nmi,0.37789702044073253,Iceland
77,6,labelprop,split-join,51.0,Iceland
78,6,labelprop,rand,0.6060606060606061,Iceland
79,6,labelprop,adjusted_rand,0.11311999432626992,Iceland
80,3,eigen,vi,1.7716937096460303,Iceland
81,3,eigen,nmi,0.08821277318120518,Iceland
82,3,eigen,split-join,51.0,Iceland
83,3,eigen,rand,0.2116689280868386,Iceland
84,3,eigen,adjusted_rand,0.01350608659592206,Iceland
85,4,eigen,vi,1.573052365168194,Iceland
86,4,eigen,nmi,0.32120303615948226,Iceland
87,4,eigen,split-join,46.0,Iceland
88,4,eigen,rand,0.386250565355043,Iceland
89,4,eigen,adjusted_rand,0.08775453055339583,Iceland
90,5,eigen,vi,1.636204804100292,Iceland
91,5,eigen,nmi,0.40819121888960025,Iceland
92,5,eigen,split-join,48.0,Iceland
93,5,eigen,rand,0.4812302125734961,Iceland
94,5,eigen,adjusted_rand,0.09242462361462356,Iceland
95,6,eigen,vi,1.9052860739566657,Iceland
96,6,eigen,nmi,0.39412849427514757,Iceland
97,6,eigen,split-join,55.0,Iceland
98,6,eigen,rand,0.6006331976481231,Iceland
99,6,eigen,adjusted_rand,0.09811257649453954,Iceland
100,3,leiden,vi,4.070469655288603,Iceland
101,3,leiden,nmi,0.061869359529829665,Iceland
102,3,leiden,split-join,65.0,Iceland
103,3,leiden,rand,0.058796924468566214,Iceland
104,3,leiden,adjusted_rand,0.0,Iceland
105,4,leiden,vi,3.6961573998235924,Iceland
106,4,leiden,nmi,0.2157906373054801,Iceland
107,4,leiden,split-join,63.0,Iceland
108,4,leiden,rand,0.24513794663048405,Iceland
109,4,leiden,adjusted_rand,0.0,Iceland
110,5,leiden,vi,3.2488171046532015,Iceland
111,5,leiden,nmi,0.37045359731468724,Iceland
112,5,leiden,split-join,58.0,Iceland
113,5,leiden,rand,0.3943916779737675,Iceland
114,5,leiden,adjusted_rand,0.0,Iceland
115,6,leiden,vi,2.868866381244362,Iceland
116,6,leiden,nmi,0.4822025779514449,Iceland
117,6,leiden,split-join,57.0,Iceland
118,6,leiden,rand,0.5843509724106739,Iceland
119,6,leiden,adjusted_rand,0.0,Iceland
120,3,multilevel,vi,1.5949864946994476,Iceland
121,3,multilevel,nmi,0.06602765636373159,Iceland
122,3,multilevel,split-join,50.0,Iceland
123,3,multilevel,rand,0.24423337856173674,Iceland
124,3,multilevel,adjusted_rand,0.009746592351267574,Iceland
125,4,multilevel,vi,1.4486793144445185,Iceland
126,4,multilevel,nmi,0.30420770654773643,Iceland
127,4,multilevel,split-join,46.0,Iceland
128,4,multilevel,rand,0.4124830393487112,Iceland
129,4,multilevel,adjusted_rand,0.09895727614942944,Iceland
130,5,multilevel,vi,1.6007053165530092,Iceland
131,5,multilevel,nmi,0.36715942992474027,Iceland
132,5,multilevel,split-join,48.0,Iceland
133,5,multilevel,rand,0.4893713251922207,Iceland
134,5,multilevel,adjusted_rand,0.0930250809611202,Iceland
135,6,multilevel,vi,1.829127481210345,Iceland
136,6,multilevel,nmi,0.3712930251764602,Iceland
137,6,multilevel,split-join,54.0,Iceland
138,6,multilevel,rand,0.5997286295793758,Iceland
139,6,multilevel,adjusted_rand,0.10987382333447204,Iceland
140,3,modularity,vi,1.7749900495067108,Iceland
141,3,modularity,nmi,0.05688020239027281,Iceland
142,3,modularity,split-join,50.0,Iceland
143,3,modularity,rand,0.209859791949344,Iceland
144,3,modularity,adjusted_rand,0.002273069524672589,Iceland
145,4,modularity,vi,1.4863737411467401,Iceland
146,4,modularity,nmi,0.3412495176970125,Iceland
147,4,modularity,split-join,44.0,Iceland
148,4,modularity,rand,0.39077340569877883,Iceland
149,4,modularity,adjusted_rand,0.08885718035611516,Iceland
150,5,modularity,vi,1.6445381629102287,Iceland
151,5,modularity,nmi,0.39174385628474045,Iceland
152,5,modularity,split-join,48.0,Iceland
153,5,modularity,rand,0.47670737222976023,Iceland
154,5,modularity,adjusted_rand,0.08174965746798751,Iceland
155,6,modularity,vi,1.9082677869478146,Iceland
156,6,modularity,nmi,0.3811647297106756,Iceland
157,6,modularity,split-join,55.0,Iceland
158,6,modularity,rand,0.5997286295793757,Iceland
159,6,modularity,adjusted_rand,0.09886474739236337,Iceland
160,3,spinglass,vi,1.782655075723178,Iceland
161,3,spinglass,nmi,0.05664948488425261,Iceland
162,3,spinglass,split-join,46.0,Iceland
163,3,spinglass,rand,0.23247399366802354,Iceland
164,3,spinglass,adjusted_rand,0.005776568172646274,Iceland
165,4,spinglass,vi,1.4940387673632074,Iceland
166,4,spinglass,nmi,0.34009418842444683,Iceland
167,4,spinglass,split-join,40.0,Iceland
168,4,spinglass,rand,0.4133876074174584,Iceland
169,4,spinglass,adjusted_rand,0.10728849105830679,Iceland
170,5,spinglass,vi,1.6538103220205373,Iceland
171,5,spinglass,nmi,0.39004365329370677,Iceland
172,5,spinglass,split-join,45.0,Iceland
173,5,spinglass,rand,0.4839439167797377,Iceland
174,5,spinglass,adjusted_rand,0.08679391034493492,Iceland
175,6,spinglass,vi,1.8658903230743908,Iceland
176,6,spinglass,nmi,0.3964077381319219,Iceland
177,6,spinglass,split-join,51.0,Iceland
178,6,spinglass,rand,0.6051560379918588,Iceland
179,6,spinglass,adjusted_rand,0.1186533160491874,Iceland
180,3,walktrap,vi,1.5194304498458744,Iceland
181,3,walktrap,nmi,0.06581745951656194,Iceland
182,3,walktrap,split-join,41.0,Iceland
183,3,walktrap,rand,0.2808683853459971,Iceland
184,3,walktrap,adjusted_rand,0.013918224122116634,Iceland
185,4,walktrap,vi,1.2308141414859037,Iceland
186,4,walktrap,nmi,0.3848370178153658,Iceland
187,4,walktrap,split-join,35.0,Iceland
188,4,walktrap,rand,0.46178199909543194,Iceland
189,4,walktrap,adjusted_rand,0.1489888159414073,Iceland
190,5,walktrap,vi,1.498612564561459,Iceland
191,5,walktrap,nmi,0.38785513992339304,Iceland
192,5,walktrap,split-join,41.0,Iceland
193,5,walktrap,rand,0.4961555857078245,Iceland
194,5,walktrap,adjusted_rand,0.09197906620776294,Iceland
195,6,walktrap,vi,1.793987471985737,Iceland
196,6,walktrap,nmi,0.3656528249076783,Iceland
197,6,walktrap,split-join,48.0,Iceland
198,6,walktrap,rand,0.6047037539574852,Iceland
199,6,walktrap,adjusted_rand,0.13343575614402306,Iceland
0,4,between,vi,0.7816008505421188,Zebra
1,4,between,nmi,0.3813570283707504,Zebra
2,4,between,split-join,7.0,Zebra
3,4,between,rand,0.6561264822134385,Zebra
4,4,between,adjusted_rand,0.33571751923947446,Zebra
5,5,between,vi,0.5591936719895503,Zebra
6,5,between,nmi,0.6518890768282292,Zebra
7,5,between,split-join,5.0,Zebra
8,5,between,rand,0.7944664031620552,Zebra
9,5,between,adjusted_rand,0.5952747185135049,Zebra
10,6,between,vi,0.2065805520072248,Zebra
11,6,between,nmi,0.894546851820503,Zebra
12,6,between,split-join,2.0,Zebra
13,6,between,rand,0.9723320158102766,Zebra
14,6,between,adjusted_rand,0.9442046564380453,Zebra
15,7,between,vi,0.2065805520072248,Zebra
16,7,between,nmi,0.894546851820503,Zebra
17,7,between,split-join,2.0,Zebra
18,7,between,rand,0.9723320158102766,Zebra
19,7,between,adjusted_rand,0.9442046564380453,Zebra
20,14,between,vi,0.36631752600372613,Zebra
21,14,between,nmi,0.8271040338730851,Zebra
22,14,between,split-join,3.0,Zebra
23,14,between,rand,0.9169960474308301,Zebra
24,14,between,adjusted_rand,0.8313493952956862,Zebra
25,4,fastgreedy,vi,0.8435404080831748,Zebra
26,4,fastgreedy,nmi,0.3635345204854627,Zebra
27,4,fastgreedy,split-join,8.0,Zebra
28,4,fastgreedy,rand,0.6126482213438733,Zebra
29,4,fastgreedy,adjusted_rand,0.2833689808659456,Zebra
30,5,fastgreedy,vi,0.6211332295306067,Zebra
31,5,fastgreedy,nmi,0.6276862487522499,Zebra
32,5,fastgreedy,split-join,6.0,Zebra
33,5,fastgreedy,rand,0.75098814229249,Zebra
34,5,fastgreedy,adjusted_rand,0.5192580304629767,Zebra
35,6,fastgreedy,vi,0.4641149424591713,Zebra
36,6,fastgreedy,nmi,0.7703446121105042,Zebra
37,6,fastgreedy,split-join,4.0,Zebra
38,6,fastgreedy,rand,0.9051383399209487,Zebra
39,6,fastgreedy,adjusted_rand,0.8066242038216562,Zebra
40,7,fastgreedy,vi,0.4641149424591713,Zebra
41,7,fastgreedy,nmi,0.7703446121105042,Zebra
42,7,fastgreedy,split-join,4.0,Zebra
43,7,fastgreedy,rand,0.9051383399209487,Zebra
44,7,fastgreedy,adjusted_rand,0.8066242038216562,Zebra
45,14,fastgreedy,vi,0.30437796846266973,Zebra
46,14,fastgreedy,nmi,0.8604190809206239,Zebra
47,14,fastgreedy,split-join,3.0,Zebra
48,14,fastgreedy,rand,0.9604743083003953,Zebra
49,14,fastgreedy,adjusted_rand,0.918000907499838,Zebra
50,4,infomap,vi,0.6955676342844497,Zebra
51,4,infomap,nmi,0.45419886178270863,Zebra
52,4,infomap,split-join,6.0,Zebra
53,4,infomap,rand,0.675889328063241,Zebra
54,4,infomap,adjusted_rand,0.3763977395695562,Zebra
55,5,infomap,vi,0.5482079528932153,Zebra
56,5,infomap,nmi,0.6610459995685267,Zebra
57,5,infomap,split-join,5.0,Zebra
58,5,infomap,rand,0.7984189723320156,Zebra
59,5,infomap,adjusted_rand,0.6037770612620909,Zebra
60,6,infomap,vi,0.19559483291088986,Zebra
61,6,infomap,nmi,0.9007115281539606,Zebra
62,6,infomap,split-join,2.0,Zebra
63,6,infomap,rand,0.9762845849802371,Zebra
64,6,infomap,adjusted_rand,0.9521286660359506,Zebra
65,7,infomap,vi,0.19559483291088986,Zebra
66,7,infomap,nmi,0.9007115281539606,Zebra
67,7,infomap,split-join,2.0,Zebra
68,7,infomap,rand,0.9762845849802371,Zebra
69,7,infomap,adjusted_rand,0.9521286660359506,Zebra
70,14,infomap,vi,0.35533180690739075,Zebra
71,14,infomap,nmi,0.8331542252354914,Zebra
72,14,infomap,split-join,3.0,Zebra
73,14,infomap,rand,0.9209486166007905,Zebra
74,14,infomap,adjusted_rand,0.8390789975830047,Zebra
75,4,labelprop,vi,0.7816008505421188,Zebra
76,4,labelprop,nmi,0.3813570283707504,Zebra
77,4,labelprop,split-join,7.0,Zebra
78,4,labelprop,rand,0.6561264822134385,Zebra
79,4,labelprop,adjusted_rand,0.33571751923947446,Zebra
80,5,labelprop,vi,0.5591936719895503,Zebra
81,5,labelprop,nmi,0.6518890768282292,Zebra
82,5,labelprop,split-join,5.0,Zebra
83,5,labelprop,rand,0.7944664031620552,Zebra
84,5,labelprop,adjusted_rand,0.5952747185135049,Zebra
85,6,labelprop,vi,0.2065805520072248,Zebra
86,6,labelprop,nmi,0.894546851820503,Zebra
87,6,labelprop,split-join,2.0,Zebra
88,6,labelprop,rand,0.9723320158102766,Zebra
89,6,labelprop,adjusted_rand,0.9442046564380453,Zebra
90,7,labelprop,vi,0.2065805520072248,Zebra
91,7,labelprop,nmi,0.894546851820503,Zebra
92,7,labelprop,split-join,2.0,Zebra
93,7,labelprop,rand,0.9723320158102766,Zebra
94,7,labelprop,adjusted_rand,0.9442046564380453,Zebra
95,14,labelprop,vi,0.36631752600372613,Zebra
96,14,labelprop,nmi,0.8271040338730851,Zebra
97,14,labelprop,split-join,3.0,Zebra
98,14,labelprop,rand,0.9169960474308301,Zebra
99,14,labelprop,adjusted_rand,0.8313493952956862,Zebra
100,4,eigen,vi,0.8435404080831748,Zebra
101,4,eigen,nmi,0.3635345204854627,Zebra
102,4,eigen,split-join,8.0,Zebra
103,4,eigen,rand,0.6126482213438733,Zebra
104,4,eigen,adjusted_rand,0.2833689808659456,Zebra
105,5,eigen,vi,0.6211332295306067,Zebra
106,5,eigen,nmi,0.6276862487522499,Zebra
107,5,eigen,split-join,6.0,Zebra
108,5,eigen,rand,0.75098814229249,Zebra
109,5,eigen,adjusted_rand,0.5192580304629767,Zebra
110,6,eigen,vi,0.4641149424591713,Zebra
111,6,eigen,nmi,0.7703446121105042,Zebra
112,6,eigen,split-join,4.0,Zebra
113,6,eigen,rand,0.9051383399209487,Zebra
114,6,eigen,adjusted_rand,0.8066242038216562,Zebra
115,7,eigen,vi,0.4641149424591713,Zebra
116,7,eigen,nmi,0.7703446121105042,Zebra
117,7,eigen,split-join,4.0,Zebra
118,7,eigen,rand,0.9051383399209487,Zebra
119,7,eigen,adjusted_rand,0.8066242038216562,Zebra
120,14,eigen,vi,0.30437796846266973,Zebra
121,14,eigen,nmi,0.8604190809206239,Zebra
122,14,eigen,split-join,3.0,Zebra
123,14,eigen,rand,0.9604743083003953,Zebra
124,14,eigen,adjusted_rand,0.918000907499838,Zebra
125,4,leiden,vi,2.7482818407427887,Zebra
126,4,leiden,nmi,0.21983799398050058,Zebra
127,4,leiden,split-join,21.0,Zebra
128,4,leiden,rand,0.23715415019762842,Zebra
129,4,leiden,adjusted_rand,0.0,Zebra
130,5,leiden,vi,2.4053273264406645,Zebra
131,5,leiden,nmi,0.37777077171362644,Zebra
132,5,leiden,split-join,19.0,Zebra
133,5,leiden,rand,0.3833992094861659,Zebra
134,5,leiden,adjusted_rand,0.0,Zebra
135,6,leiden,vi,2.0527142064583397,Zebra
136,6,leiden,nmi,0.5133758269914969,Zebra
137,6,leiden,split-join,18.0,Zebra
138,6,leiden,rand,0.5612648221343874,Zebra
139,6,leiden,adjusted_rand,0.0,Zebra
140,7,leiden,vi,2.0527142064583397,Zebra
141,7,leiden,nmi,0.5133758269914969,Zebra
142,7,leiden,split-join,18.0,Zebra
143,7,leiden,rand,0.5612648221343874,Zebra
144,7,leiden,adjusted_rand,0.0,Zebra
145,14,leiden,vi,1.8929772324618388,Zebra
146,14,leiden,nmi,0.5676170877034762,Zebra
147,14,leiden,split-join,17.0,Zebra
148,14,leiden,rand,0.616600790513834,Zebra
149,14,leiden,adjusted_rand,0.0,Zebra
150,4,multilevel,vi,0.8435404080831748,Zebra
151,4,multilevel,nmi,0.3635345204854627,Zebra
152,4,multilevel,split-join,8.0,Zebra
153,4,multilevel,rand,0.6126482213438733,Zebra
154,4,multilevel,adjusted_rand,0.2833689808659456,Zebra
155,5,multilevel,vi,0.6211332295306067,Zebra
156,5,multilevel,nmi,0.6276862487522499,Zebra
157,5,multilevel,split-join,6.0,Zebra
158,5,multilevel,rand,0.75098814229249,Zebra
159,5,multilevel,adjusted_rand,0.5192580304629767,Zebra
160,6,multilevel,vi,0.4641149424591713,Zebra
161,6,multilevel,nmi,0.7703446121105042,Zebra
162,6,multilevel,split-join,4.0,Zebra
163,6,multilevel,rand,0.9051383399209487,Zebra
164,6,multilevel,adjusted_rand,0.8066242038216562,Zebra
165,7,multilevel,vi,0.4641149424591713,Zebra
166,7,multilevel,nmi,0.7703446121105042,Zebra
167,7,multilevel,split-join,4.0,Zebra
168,7,multilevel,rand,0.9051383399209487,Zebra
169,7,multilevel,adjusted_rand,0.8066242038216562,Zebra
170,14,multilevel,vi,0.30437796846266973,Zebra
171,14,multilevel,nmi,0.8604190809206239,Zebra
172,14,multilevel,split-join,3.0,Zebra
173,14,multilevel,rand,0.9604743083003953,Zebra
174,14,multilevel,adjusted_rand,0.918000907499838,Zebra
175,4,modularity,vi,0.8435404080831748,Zebra
176,4,modularity,nmi,0.3635345204854627,Zebra
177,4,modularity,split-join,8.0,Zebra
178,4,modularity,rand,0.6126482213438733,Zebra
179,4,modularity,adjusted_rand,0.2833689808659456,Zebra
180,5,modularity,vi,0.6211332295306067,Zebra
181,5,modularity,nmi,0.6276862487522499,Zebra
182,5,modularity,split-join,6.0,Zebra
183,5,modularity,rand,0.75098814229249,Zebra
184,5,modularity,adjusted_rand,0.5192580304629767,Zebra
185,6,modularity,vi,0.4641149424591713,Zebra
186,6,modularity,nmi,0.7703446121105042,Zebra
187,6,modularity,split-join,4.0,Zebra
188,6,modularity,rand,0.9051383399209487,Zebra
189,6,modularity,adjusted_rand,0.8066242038216562,Zebra
190,7,modularity,vi,0.4641149424591713,Zebra
191,7,modularity,nmi,0.7703446121105042,Zebra
192,7,modularity,split-join,4.0,Zebra
193,7,modularity,rand,0.9051383399209487,Zebra
194,7,modularity,adjusted_rand,0.8066242038216562,Zebra
195,14,modularity,vi,0.30437796846266973,Zebra
196,14,modularity,nmi,0.8604190809206239,Zebra
197,14,modularity,split-join,3.0,Zebra
198,14,modularity,rand,0.9604743083003953,Zebra
199,14,modularity,adjusted_rand,0.918000907499838,Zebra
200,4,spinglass,vi,0.9531020247363956,Zebra
201,4,spinglass,nmi,0.3778431022407213,Zebra
202,4,spinglass,split-join,7.0,Zebra
203,4,spinglass,rand,0.6086956521739131,Zebra
204,4,spinglass,adjusted_rand,0.29502659799037406,Zebra
205,5,spinglass,vi,0.6101475104342717,Zebra
206,5,spinglass,nmi,0.6745682874187654,Zebra
207,5,spinglass,split-join,5.0,Zebra
208,5,spinglass,rand,0.7549407114624507,Zebra
209,5,spinglass,adjusted_rand,0.5327097235462347,Zebra
210,6,spinglass,vi,0.25753439045194604,Zebra
211,6,spinglass,nmi,0.8843840900483562,Zebra
212,6,spinglass,split-join,2.0,Zebra
213,6,spinglass,rand,0.9328063241106721,Zebra
214,6,spinglass,adjusted_rand,0.8620722829746981,Zebra
215,7,spinglass,vi,0.25753439045194604,Zebra
216,7,spinglass,nmi,0.8843840900483562,Zebra
217,7,spinglass,split-join,2.0,Zebra
218,7,spinglass,rand,0.9328063241106721,Zebra
219,7,spinglass,adjusted_rand,0.8620722829746981,Zebra
220,14,spinglass,vi,0.4110548919001098,Zebra
221,14,spinglass,nmi,0.8278114115596962,Zebra
222,14,spinglass,split-join,3.0,Zebra
223,14,spinglass,rand,0.8853754940711462,Zebra
224,14,spinglass,adjusted_rand,0.7589763805394041,Zebra
225,4,walktrap,vi,0.719096034680001,Zebra
226,4,walktrap,nmi,0.3040801023336054,Zebra
227,4,walktrap,split-join,8.0,Zebra
228,4,walktrap,rand,0.6442687747035573,Zebra
229,4,walktrap,adjusted_rand,0.26878612716763,Zebra
230,5,walktrap,vi,0.7893026243923267,Zebra
231,5,walktrap,nmi,0.42648618818079953,Zebra
232,5,walktrap,split-join,8.0,Zebra
233,5,walktrap,rand,0.7351778656126481,Zebra
234,5,walktrap,adjusted_rand,0.46393219695771776,Zebra
235,6,walktrap,vi,0.43668950441000165,Zebra
236,6,walktrap,nmi,0.7474134119707002,Zebra
237,6,walktrap,split-join,5.0,Zebra
238,6,walktrap,rand,0.9130434782608695,Zebra
239,6,walktrap,adjusted_rand,0.8271750605477239,Zebra
240,7,walktrap,vi,0.43668950441000165,Zebra
241,7,walktrap,nmi,0.7474134119707002,Zebra
242,7,walktrap,split-join,5.0,Zebra
243,7,walktrap,rand,0.9130434782608695,Zebra
244,7,walktrap,adjusted_rand,0.8271750605477239,Zebra
245,14,walktrap,vi,0.5964264784065025,Zebra
246,14,walktrap,nmi,0.6841977583858224,Zebra
247,14,walktrap,split-join,6.0,Zebra
248,14,walktrap,rand,0.857707509881423,Zebra
249,14,walktrap,adjusted_rand,0.7187847350870693,Zebra
0,3,between,vi,1.4770883658553289,Dolphins
1,3,between,nmi,0.04645964018886611,Dolphins
2,3,between,split-join,42.0,Dolphins
3,3,between,rand,0.2813326282390268,Dolphins
4,3,between,adjusted_rand,-0.010457390928933026,Dolphins
5,7,between,vi,0.9360846653350765,Dolphins
6,7,between,nmi,0.5776623070455558,Dolphins
7,7,between,split-join,24.0,Dolphins
8,7,between,rand,0.6837652035959811,Dolphins
9,7,between,adjusted_rand,0.3766225031945662,Dolphins
10,8,between,vi,1.2629182680777546,Dolphins
11,8,between,nmi,0.5231994630785267,Dolphins
12,8,between,split-join,32.0,Dolphins
13,8,between,rand,0.6599682707562134,Dolphins
14,8,between,adjusted_rand,0.2574227917892929,Dolphins
15,9,between,vi,1.7602663443860995,Dolphins
16,9,between,nmi,0.48015859920076015,Dolphins
17,9,between,split-join,43.0,Dolphins
18,9,between,rand,0.7107350608143839,Dolphins
19,9,between,adjusted_rand,0.21141236106589792,Dolphins
20,3,fastgreedy,vi,1.4912610391460117,Dolphins
21,3,fastgreedy,nmi,0.0441120975866532,Dolphins
22,3,fastgreedy,split-join,42.0,Dolphins
23,3,fastgreedy,rand,0.27392913802221047,Dolphins
24,3,fastgreedy,adjusted_rand,-0.014282460661704573,Dolphins
25,7,fastgreedy,vi,1.0783316891714838,Dolphins
26,7,fastgreedy,nmi,0.5158915412646731,Dolphins
27,7,fastgreedy,split-join,30.0,Dolphins
28,7,fastgreedy,rand,0.6562665256478057,Dolphins
29,7,fastgreedy,adjusted_rand,0.3226286077059922,Dolphins
30,8,fastgreedy,vi,1.342008622410131,Dolphins
31,8,fastgreedy,nmi,0.49543946543892176,Dolphins
32,8,fastgreedy,split-join,36.0,Dolphins
33,8,fastgreedy,rand,0.6462189317821256,Dolphins
34,8,fastgreedy,adjusted_rand,0.22584085873059243,Dolphins
35,9,fastgreedy,vi,1.796869190549264,Dolphins
36,9,fastgreedy,nmi,0.4710707935132632,Dolphins
37,9,fastgreedy,split-join,47.0,Dolphins
38,9,fastgreedy,rand,0.6832363828662082,Dolphins
39,9,fastgreedy,adjusted_rand,0.12953776801639588,Dolphins
40,3,infomap,vi,1.6596852780492573,Dolphins
41,3,infomap,nmi,0.04339034972955187,Dolphins
42,3,infomap,split-join,44.0,Dolphins
43,3,infomap,rand,0.24114225277630874,Dolphins
44,3,infomap,adjusted_rand,-0.014290450643335771,Dolphins
45,7,infomap,vi,1.073015872872861,Dolphins
46,7,infomap,nmi,0.5533465702973945,Dolphins
47,7,infomap,split-join,28.0,Dolphins
48,7,infomap,rand,0.6583818085668959,Dolphins
49,7,infomap,adjusted_rand,0.32827406908034734,Dolphins
50,8,infomap,vi,1.3845805437534107,Dolphins
51,8,infomap,nmi,0.5115504755475552,Dolphins
52,8,infomap,split-join,36.0,Dolphins
53,8,infomap,rand,0.6430460074034903,Dolphins
54,8,infomap,adjusted_rand,0.20773221823806437,Dolphins
55,9,infomap,vi,1.8645947726702443,Dolphins
56,9,infomap,nmi,0.47800712949821345,Dolphins
57,9,infomap,split-join,47.0,Dolphins
58,9,infomap,rand,0.7022739291380221,Dolphins
59,9,infomap,adjusted_rand,0.13331943995577966,Dolphins
60,3,labelprop,vi,1.5685363781506836,Dolphins
61,3,labelprop,nmi,0.06586771836982469,Dolphins
62,3,labelprop,split-join,42.0,Dolphins
63,3,labelprop,rand,0.2591221575885775,Dolphins
64,3,labelprop,adjusted_rand,0.00851780149405838,Dolphins
65,7,labelprop,vi,1.1511411269476426,Dolphins
66,7,labelprop,nmi,0.509425575405714,Dolphins
67,7,labelprop,split-join,35.0,Dolphins
68,7,labelprop,rand,0.658381808566896,Dolphins
69,7,labelprop,adjusted_rand,0.3282319584000565,Dolphins
70,8,labelprop,vi,1.3328559826919182,Dolphins
71,8,labelprop,nmi,0.5203510026789328,Dolphins
72,8,labelprop,split-join,39.0,Dolphins
73,8,labelprop,rand,0.6938127974616605,Dolphins
74,8,labelprop,adjusted_rand,0.3206877446470041,Dolphins
75,9,labelprop,vi,1.7215606375534604,Dolphins
76,9,labelprop,nmi,0.5103973840769476,Dolphins
77,9,labelprop,split-join,44.0,Dolphins
78,9,labelprop,rand,0.7445795875198307,Dolphins
79,9,labelprop,adjusted_rand,0.257729269353141,Dolphins
80,3,eigen,vi,1.6138941838528034,Dolphins
81,3,eigen,nmi,0.05823561523681427,Dolphins
82,3,eigen,split-join,45.0,Dolphins
83,3,eigen,rand,0.24008461131676348,Dolphins
84,3,eigen,adjusted_rand,0.0003355063994533386,Dolphins
85,7,eigen,vi,1.2113336648216289,Dolphins
86,7,eigen,nmi,0.49126532793350164,Dolphins
87,7,eigen,split-join,36.0,Dolphins
88,7,eigen,rand,0.6351136964569013,Dolphins
89,7,eigen,adjusted_rand,0.28310605144885365,Dolphins
90,8,eigen,vi,1.4492109466060066,Dolphins
91,8,eigen,nmi,0.4848843568857004,Dolphins
92,8,eigen,split-join,41.0,Dolphins
93,8,eigen,rand,0.6673717609730302,Dolphins
94,8,eigen,adjusted_rand,0.25778306934764567,Dolphins
95,9,eigen,vi,1.814340535875451,Dolphins
96,9,eigen,nmi,0.48903265301581356,Dolphins
97,9,eigen,split-join,49.0,Dolphins
98,9,eigen,rand,0.726599682707562,Dolphins
99,9,eigen,adjusted_rand,0.18620087452563272,Dolphins
100,3,leiden,vi,3.9846285176523493,Dolphins
101,3,leiden,nmi,0.06675310282236172,Dolphins
102,3,leiden,split-join,60.0,Dolphins
103,3,leiden,rand,0.06345848757271277,Dolphins
104,3,leiden,adjusted_rand,0.0,Dolphins
105,7,leiden,vi,3.3172490441633453,Dolphins
106,7,leiden,nmi,0.32808673484880735,Dolphins
107,7,leiden,split-join,58.0,Dolphins
108,7,leiden,rand,0.48492860920148084,Dolphins
109,7,leiden,adjusted_rand,0.0,Dolphins
110,8,leiden,vi,2.884950518572077,Dolphins
111,8,leiden,nmi,0.4626970532513327,Dolphins
112,8,leiden,split-join,54.0,Dolphins
113,8,leiden,rand,0.5869910100475938,Dolphins
114,8,leiden,adjusted_rand,0.0,Dolphins
115,9,leiden,vi,2.147525155136424,Dolphins
116,9,leiden,nmi,0.648335464767553,Dolphins
117,9,leiden,split-join,48.0,Dolphins
118,9,leiden,rand,0.7752511898466419,Dolphins
119,9,leiden,adjusted_rand,0.0,Dolphins
120,3,multilevel,vi,1.5862350211979055,Dolphins
121,3,multilevel,nmi,0.049418176621941555,Dolphins
122,3,multilevel,split-join,44.0,Dolphins
123,3,multilevel,rand,0.24907456372289796,Dolphins
124,3,multilevel,adjusted_rand,-0.008042657921252111,Dolphins
125,7,multilevel,vi,1.1511796899717468,Dolphins
126,7,multilevel,nmi,0.5072170477352483,Dolphins
127,7,multilevel,split-join,30.0,Dolphins
128,7,multilevel,rand,0.6525647805393974,Dolphins
129,7,multilevel,adjusted_rand,0.3166860908634412,Dolphins
130,8,multilevel,vi,1.37143109569495,Dolphins
131,8,multilevel,nmi,0.504608276676626,Dolphins
132,8,multilevel,split-join,36.0,Dolphins
133,8,multilevel,rand,0.6615547329455314,Dolphins
134,8,multilevel,adjusted_rand,0.249885025839745,Dolphins
135,9,multilevel,vi,1.8640892952623545,Dolphins
136,9,multilevel,nmi,0.4682845591338308,Dolphins
137,9,multilevel,split-join,47.0,Dolphins
138,9,multilevel,rand,0.7070333157059755,Dolphins
139,9,multilevel,adjusted_rand,0.1522032224910774,Dolphins
140,3,modularity,vi,1.5827924427021782,Dolphins
141,3,modularity,nmi,0.04540256907140765,Dolphins
142,3,modularity,split-join,44.0,Dolphins
143,3,modularity,rand,0.2485457429931253,Dolphins
144,3,modularity,adjusted_rand,-0.01314813634819484,Dolphins
145,7,modularity,vi,0.9961230375257819,Dolphins
146,7,modularity,nmi,0.5716433891113836,Dolphins
147,7,modularity,split-join,28.0,Dolphins
148,7,modularity,rand,0.6657852987837124,Dolphins
149,7,modularity,adjusted_rand,0.34254310202554766,Dolphins
150,8,modularity,vi,1.3163546321020878,Dolphins
151,8,modularity,nmi,0.5226710010333889,Dolphins
152,8,modularity,split-join,36.0,Dolphins
153,8,modularity,rand,0.6483342147012161,Dolphins
154,8,modularity,adjusted_rand,0.22169462446517252,Dolphins
155,9,modularity,vi,1.8111104406164458,Dolphins
156,9,modularity,nmi,0.48182576923456455,Dolphins
157,9,modularity,split-join,47.0,Dolphins
158,9,modularity,rand,0.6969857218402961,Dolphins
159,9,modularity,adjusted_rand,0.12826786014544103,Dolphins
160,3,spinglass,vi,1.8124624035937944,Dolphins
161,3,spinglass,nmi,0.13588331296695064,Dolphins
162,3,spinglass,split-join,36.0,Dolphins
163,3,spinglass,rand,0.2776308831306187,Dolphins
164,3,spinglass,adjusted_rand,0.0362645160664491,Dolphins
165,7,spinglass,vi,1.1450829301047876,Dolphins
166,7,spinglass,nmi,0.5858431979221396,Dolphins
167,7,spinglass,split-join,20.0,Dolphins
168,7,spinglass,rand,0.6991010047593867,Dolphins
169,7,spinglass,adjusted_rand,0.4083961008363443,Dolphins
170,8,spinglass,vi,1.2432140189637255,Dolphins
171,8,spinglass,nmi,0.6111495588847445,Dolphins
172,8,spinglass,split-join,24.0,Dolphins
173,8,spinglass,rand,0.7303014278159703,Dolphins
174,8,spinglass,adjusted_rand,0.40103073318940985,Dolphins
175,9,spinglass,vi,1.3378597176604745,Dolphins
176,9,spinglass,nmi,0.6599737284737472,Dolphins
177,9,spinglass,split-join,32.0,Dolphins
178,9,spinglass,rand,0.8191433104177682,Dolphins
179,9,spinglass,adjusted_rand,0.4721843170540608,Dolphins
180,3,walktrap,vi,1.0523857422407616,Dolphins
181,3,walktrap,nmi,0.21310922121612777,Dolphins
182,3,walktrap,split-join,37.0,Dolphins
183,3,walktrap,rand,0.3722897937599154,Dolphins
184,3,walktrap,adjusted_rand,0.05877279091504157,Dolphins
185,7,walktrap,vi,0.724425145814368,Dolphins
186,7,walktrap,nmi,0.6386505014295059,Dolphins
187,7,walktrap,split-join,21.0,Dolphins
188,7,walktrap,rand,0.7345319936541512,Dolphins
189,7,walktrap,adjusted_rand,0.47511315719920855,Dolphins
190,8,walktrap,vi,1.012836880116102,Dolphins
191,8,walktrap,nmi,0.5844047958111591,Dolphins
192,8,walktrap,split-join,28.0,Dolphins
193,8,walktrap,rand,0.7096774193548387,Dolphins
194,8,walktrap,adjusted_rand,0.3779780432316941,Dolphins
195,9,walktrap,vi,1.526670407662275,Dolphins
196,9,walktrap,nmi,0.5190833189754466,Dolphins
197,9,walktrap,split-join,38.0,Dolphins
198,9,walktrap,rand,0.7181385510312002,Dolphins
199,9,walktrap,adjusted_rand,0.28599501706905284,Dolphins
